失蹤人口統計,,,,,,,,,,,,,,,,,,,,,,,,,,,,,,
,,,,,,,,,,,,,,,,,,,,,,,,,,,,,,單位：人
,總   計,,男,,女,,幼童,,,,"兒童
(含幼童)",,,,少年,,,,青年,,,,"成年
(含老人)",,,,老人,,,
,,,,,,,男,,女,,男,,女,,男,,女,,男,,女,,男,,女,,男,,女,
,發生數,查獲數,發生數,查獲數,發生數,查獲數,發生數,查獲數,發生數,查獲數,發生數,查獲數,發生數,查獲數,發生數,查獲數,發生數,查獲數,發生數,查獲數,發生數,查獲數,發生數,查獲數,發生數,查獲數,發生數,查獲數,發生數,查獲數
 八十四年 ," 26,257 "," 24,394 "," 9,392 "," 8,695 "," 16,865 "," 15,699 ", 202 , 187 , 158 , 136 , 732 , 715 , 412 , 376 ," 3,242 "," 3,140 "," 8,285 "," 7,951 "," 1,056 "," 1,015 "," 2,664 "," 2,529 "," 4,362 "," 3,825 "," 5,504 "," 4,843 ", - , - , - , - 
 八十五年 ," 28,074 "," 28,583 "," 9,436 "," 9,680 "," 18,638 "," 18,903 ", 248 , 222 , 222 , 217 , 726 , 703 , 508 , 494 ," 3,177 "," 3,288 "," 8,853 "," 9,068 "," 1,013 "," 1,075 "," 3,008 "," 3,093 "," 4,520 "," 4,614 "," 6,269 "," 6,248 ", - , - , - , - 
 八十六年 ," 29,990 "," 31,017 "," 9,999 "," 10,229 "," 19,991 "," 20,788 ", 231 , 241 , 260 , 250 , 674 , 704 , 520 , 521 ," 3,119 "," 3,174 "," 8,823 "," 9,114 "," 1,061 "," 1,088 "," 3,519 "," 3,671 "," 5,145 "," 5,263 "," 7,129 "," 7,482 ", - , - , - , - 
 八十七年 ," 31,512 "," 29,776 "," 11,015 "," 10,284 "," 20,497 "," 19,492 ", 282 , 239 , 249 , 210 , 718 , 655 , 507 , 464 ," 3,717 "," 3,543 "," 9,449 "," 9,177 "," 1,298 "," 1,213 "," 3,748 "," 3,582 "," 5,282 "," 4,873 "," 6,793 "," 6,269 ", - , - , - , - 
88年," 32,084 "," 34,938 "," 11,436 "," 12,707 "," 20,648 "," 22,231 ", 344 , 323 , 284 , 273 , 835 , 844 , 600 , 605 ," 3,439 "," 3,700 "," 9,002 "," 9,376 "," 1,375 "," 1,580 "," 3,982 "," 4,166 "," 5,787 "," 6,583 "," 7,064 "," 8,084 ", 235 , 216 , 120 , 114 
89年," 32,485 "," 31,744 "," 11,598 "," 11,446 "," 20,887 "," 20,298 ", 261 , 239 , 266 , 257 , 751 , 731 , 578 , 564 ," 3,679 "," 3,680 "," 9,361 "," 9,200 "," 1,478 "," 1,476 "," 4,074 "," 3,903 "," 5,690 "," 5,559 "," 6,874 "," 6,631 ", 648 , 577 , 286 , 277 
90年," 38,088 "," 37,198 "," 14,381 "," 13,877 "," 23,707 "," 23,321 ", 379 , 374 , 307 , 313 ," 1,074 "," 1,062 ", 691 , 698 ," 4,528 "," 4,491 "," 10,541 "," 10,584 "," 1,771 "," 1,723 "," 4,606 "," 4,468 "," 7,008 "," 6,601 "," 7,869 "," 7,571 ", 848 , 818 , 330 , 309 
91年," 36,437 "," 36,452 "," 14,052 "," 13,996 "," 22,385 "," 22,456 ", 366 , 344 , 356 , 339 ," 1,014 "," 1,000 ", 671 , 653 ," 4,150 "," 4,264 "," 9,645 "," 9,828 "," 1,817 "," 1,824 "," 4,494 "," 4,517 "," 7,071 "," 6,908 "," 7,575 "," 7,458 ", 803 , 815 , 362 , 343 
92年," 35,776 "," 38,504 "," 14,447 "," 15,377 "," 21,329 "," 23,127 ", 373 , 394 , 352 , 355 ," 1,052 "," 1,104 ", 641 , 665 ," 4,033 "," 4,154 "," 9,050 "," 9,438 "," 1,723 "," 1,810 "," 4,089 "," 4,432 "," 7,639 "," 8,309 "," 7,549 "," 8,592 ", 920 ," 1,001 ", 388 , 433 
93年," 34,007 "," 34,152 "," 13,792 "," 13,661 "," 20,215 "," 20,491 ", 379 , 362 , 328 , 335 ," 1,020 "," 1,007 ", 624 , 624 ," 3,785 "," 3,798 "," 8,865 "," 8,885 "," 1,588 "," 1,600 "," 3,621 "," 3,687 "," 7,399 "," 7,256 "," 7,105 "," 7,295 ", 906 , 908 , 482 , 477 
94年," 37,409 "," 36,771 "," 16,406 "," 16,107 "," 21,003 "," 20,664 ", 428 , 405 , 392 , 357 ," 1,165 "," 1,130 ", 740 , 711 ," 4,388 "," 4,342 "," 8,773 "," 8,655 "," 1,760 "," 1,734 "," 3,575 "," 3,588 "," 9,093 "," 8,901 "," 7,915 "," 7,710 "," 1,131 "," 1,157 ", 575 , 569 
95年," 35,980 "," 37,577 "," 16,020 "," 16,247 "," 19,960 "," 21,330 ", 416 , 396 , 395 , 364 ," 1,224 "," 1,231 ", 775 , 726 ," 4,341 "," 4,354 "," 7,680 "," 7,960 "," 1,477 "," 1,548 "," 3,218 "," 3,530 "," 8,978 "," 9,114 "," 8,287 "," 9,114 "," 1,133 "," 1,098 ", 661 , 655 
96年," 32,379 "," 32,259 "," 14,778 "," 14,712 "," 17,601 "," 17,547 ", 341 , 335 , 270 , 286 , 949 , 940 , 553 , 586 ," 3,795 "," 3,851 "," 6,450 "," 6,531 "," 1,475 "," 1,510 "," 2,828 "," 2,835 "," 8,559 "," 8,411 "," 7,770 "," 7,595 "," 1,372 "," 1,311 ", 701 , 682 
97年," 32,109 "," 31,085 "," 14,652 "," 14,025 "," 17,457 "," 17,060 ", 256 , 263 , 222 , 215 , 845 , 844 , 491 , 473 ," 3,673 "," 3,648 "," 6,328 "," 6,323 "," 1,368 "," 1,338 "," 2,781 "," 2,715 "," 8,766 "," 8,195 "," 7,857 "," 7,549 "," 1,654 "," 1,420 ", 809 , 752 
98年," 33,736 "," 34,432 "," 15,611 "," 15,805 "," 18,125 "," 18,627 ", 326 , 400 , 318 , 381 , 935 ," 1,031 ", 625 , 707 ," 3,731 "," 3,870 "," 6,234 "," 6,544 "," 1,460 "," 1,518 "," 2,661 "," 2,781 "," 9,485 "," 9,386 "," 8,605 "," 8,595 "," 1,835 "," 1,701 ", 950 , 942 
99年," 35,153 "," 35,411 "," 16,348 "," 16,300 "," 18,805 "," 19,111 ", 300 , 335 , 334 , 333 , 934 , 976 , 612 , 616 ," 4,298 "," 4,300 "," 6,669 "," 6,707 "," 1,524 "," 1,510 "," 2,806 "," 2,909 "," 9,592 "," 9,514 "," 8,718 "," 8,879 "," 2,066 "," 1,912 ", 893 , 899 
100年," 35,608 "," 37,556 "," 16,389 "," 16,964 "," 19,219 "," 20,592 ", 277 , 299 , 261 , 323 , 843 , 886 , 559 , 632 ," 4,309 "," 4,467 "," 7,312 "," 7,578 "," 1,552 "," 1,659 "," 2,788 "," 3,059 "," 9,685 "," 9,952 "," 8,560 "," 9,323 "," 2,475 "," 1,944 "," 1,125 "," 1,041 "
101年," 32,765 "," 33,452 "," 15,351 "," 15,441 "," 17,414 "," 18,011 ", 238 , 253 , 194 , 227 , 684 , 701 , 412 , 453 ," 3,690 "," 3,740 "," 6,554 "," 6,689 "," 1,454 "," 1,473 "," 2,412 "," 2,513 "," 9,523 "," 9,527 "," 8,036 "," 8,356 "," 2,301 "," 2,009 "," 1,152 "," 1,140 "
102年," 28,909 "," 29,462 "," 13,867 "," 13,968 "," 15,042 "," 15,494 ", 224 , 240 , 167 , 163 , 576 , 602 , 365 , 374 ," 2,941 "," 2,952 "," 5,307 "," 5,358 "," 1,424 "," 1,424 "," 2,045 "," 2,150 "," 8,926 "," 8,990 "," 7,325 "," 7,612 "," 2,211 "," 2,042 "," 1,092 "," 1,091 "
103年," 26,940 "," 27,137 "," 12,989 "," 13,013 "," 13,951 "," 14,124 ", 186 , 183 , 164 , 160 , 498 , 491 , 327 , 314 ," 2,732 "," 2,715 "," 4,840 "," 4,831 "," 1,336 "," 1,337 "," 1,903 "," 1,912 "," 8,423 "," 8,470 "," 6,881 "," 7,067 "," 2,070 "," 2,095 "," 1,095 "," 1,084 "
104年," 25,882 "," 26,870 "," 12,742 "," 13,207 "," 13,140 "," 13,663 ", 189 , 183 , 186 , 186 , 428 , 421 , 337 , 341 ," 2,596 "," 2,647 "," 4,146 "," 4,290 "," 1,374 "," 1,385 "," 1,777 "," 1,852 "," 8,344 "," 8,754 "," 6,880 "," 7,180 "," 1,995 "," 2,055 "," 1,199 "," 1,224 "
 新北市," 5,199"," 5,429"," 2,551"," 2,677"," 2,648"," 2,752", 40, 39, 41, 43, 93, 95, 73, 77, 561, 559, 872, 893, 299, 301, 327, 341," 1,598"," 1,722"," 1,376"," 1,441", 397, 433, 281, 289
 臺北市," 2,107"," 2,180"," 1,129"," 1,176", 978," 1,004", 13, 12, 20, 19, 29, 27, 32, 32, 143, 148, 232, 242, 93, 82, 103, 102, 864, 919, 611, 628, 314, 320, 168, 168
 桃園市," 2,995"," 3,010"," 1,475"," 1,478"," 1,520"," 1,532", 26, 24, 24, 21, 83, 79, 42, 40, 382, 403, 554, 577, 166, 163, 195, 203, 844, 833, 729, 712, 176, 164, 114, 109
 臺中市," 3,210"," 3,349"," 1,590"," 1,654"," 1,620"," 1,695", 27, 27, 24, 23, 51, 51, 46, 44, 362, 368, 562, 578, 217, 213, 225, 253, 960," 1,022", 787, 820, 223, 242, 115, 122
 臺南市," 1,656"," 1,724", 865, 904, 791, 820, 12, 15, 17, 17, 24, 27, 20, 20, 136, 148, 200, 206, 90, 89, 119, 118, 615, 640, 452, 476, 153, 146, 81, 84
 高雄市," 2,564"," 2,692"," 1,279"," 1,323"," 1,285"," 1,369", 16, 15, 9, 14, 39, 40, 19, 23, 253, 243, 381, 405, 138, 147, 182, 203, 849, 893, 703, 738, 203, 202, 122, 124
 臺灣省," 8,081"," 8,414"," 3,818"," 3,957"," 4,263"," 4,457", 53, 49, 50, 48, 107, 100, 104, 104, 758, 777," 1,340"," 1,384", 369, 387, 619, 625," 2,584"," 2,693"," 2,200"," 2,344", 524, 544, 312, 322
 宜蘭縣, 516, 543, 231, 241, 285, 302, 8, 3, 3, 4, 11, 5, 9, 10, 31, 34, 88, 93, 19, 20, 39, 38, 170, 182, 149, 161, 36, 41, 18, 21
 新竹縣, 652, 675, 286, 278, 366, 397, 2, 2, 7, 7, 8, 8, 11, 11, 66, 66, 148, 156, 41, 40, 59, 62, 171, 164, 148, 168, 34, 28, 13, 13
 苗栗縣, 727, 757, 350, 363, 377, 394, 5, 5, 4, 4, 8, 8, 6, 6, 98, 97, 120, 132, 36, 38, 42, 45, 208, 220, 209, 211, 37, 36, 30, 27
 彰化縣," 1,366"," 1,401", 695, 710, 671, 691, 1, 3, 8, 6, 4, 6, 19, 17, 107, 107, 180, 176, 65, 71, 94, 91, 519, 526, 378, 407, 104, 100, 65, 67
 南投縣, 569, 613, 277, 299, 292, 314, 4, 8, 4, 4, 10, 14, 7, 9, 63, 64, 93, 102, 25, 26, 39, 37, 179, 195, 153, 166, 38, 39, 20, 21
 雲林縣, 763, 823, 344, 368, 419, 455, 6, 4, 5, 4, 7, 5, 11, 10, 54, 58, 96, 91, 23, 23, 63, 65, 260, 282, 249, 289, 50, 57, 45, 50
 嘉義縣, 581, 561, 288, 266, 293, 295, 6, 4, 2, 2, 13, 11, 2, 2, 41, 41, 67, 65, 27, 26, 47, 50, 207, 188, 177, 178, 47, 42, 27, 26
 屏東縣, 759, 823, 352, 393, 407, 430, 2, 1, 6, 7, 5, 4, 10, 11, 65, 71, 94, 104, 31, 32, 78, 75, 251, 286, 225, 240, 38, 38, 27, 28
 臺東縣, 354, 355, 175, 176, 179, 179, 7, 5, 2, -, 10, 8, 5, 3, 43, 45, 67, 66, 15, 18, 36, 30, 107, 105, 71, 80, 20, 20, 7, 8
 花蓮縣, 544, 593, 239, 272, 305, 321, 4, 4, 5, 6, 14, 13, 8, 9, 57, 61, 120, 128, 29, 34, 47, 48, 139, 164, 130, 136, 23, 40, 17, 19
 澎湖縣, 62, 62, 30, 29, 32, 33, 1, 1, -, -, 3, 3, -, -, 2, 2, 3, 4, 2, 3, 4, 4, 23, 21, 25, 25, 6, 7, -, -
 基隆市, 543, 556, 258, 270, 285, 286, 2, 3, 1, 1, 7, 7, 5, 5, 68, 69, 145, 143, 25, 25, 29, 33, 158, 169, 106, 105, 45, 42, 10, 10
 新竹市, 430, 435, 198, 202, 232, 233, 4, 5, 3, 3, 6, 7, 9, 9, 52, 51, 77, 80, 21, 22, 26, 28, 119, 122, 120, 116, 31, 39, 24, 24
 嘉義市, 215, 217, 95, 90, 120, 127, 1, 1, -, -, 1, 1, 2, 2, 11, 11, 42, 44, 10, 9, 16, 19, 73, 69, 60, 62, 15, 15, 9, 8
 福建省, 70, 72, 35, 38, 35, 34, 2, 2, 1, 1, 2, 2, 1, 1, 1, 1, 5, 5, 2, 3, 7, 7, 30, 32, 22, 21, 5, 4, 6, 6
 金門縣, 62, 63, 31, 33, 31, 30, 2, 2, 1, 1, 2, 2, 1, 1, -, -, 4, 4, 2, 3, 7, 7, 27, 28, 19, 18, 3, 2, 3, 3
 連江縣, 8, 9, 4, 5, 4, 4, -, -, -, -, -, -, -, -, 1, 1, 1, 1, -, -, -, -, 3, 4, 3, 3, 2, 2, 3, 3
105年," 25,278 "," 25,249 "," 12,818 "," 12,808 "," 12,460 "," 12,441 ", 221 , 192 , 150 , 128 , 478 , 439 , 311 , 276 ," 2,374 "," 2,354 "," 3,710 "," 3,657 "," 1,329 "," 1,330 "," 1,596 "," 1,658 "," 8,637 "," 8,685 "," 6,843 "," 6,850 "," 2,373 "," 2,434 "," 1,330 "," 1,318 "
 新北市," 4,951"," 4,846"," 2,514"," 2,496"," 2,437"," 2,350", 37, 30, 34, 32, 100, 91, 75, 65, 502, 504, 691, 678, 256, 264, 321, 325," 1,656"," 1,637"," 1,350"," 1,282", 495, 526, 285, 285
 臺北市," 2,213"," 2,200"," 1,156"," 1,153"," 1,057"," 1,047", 28, 23, 10, 10, 47, 43, 25, 25, 155, 151, 229, 219, 92, 93, 114, 117, 862, 866, 689, 686, 342, 351, 247, 244
 桃園市," 2,996"," 2,909"," 1,516"," 1,452"," 1,480"," 1,457", 29, 19, 20, 15, 63, 52, 37, 31, 401, 389, 590, 584, 163, 161, 174, 177, 889, 850, 679, 665, 211, 198, 100, 97
 臺中市," 3,178"," 3,194"," 1,630"," 1,648"," 1,548"," 1,546", 44, 38, 18, 16, 81, 73, 46, 44, 323, 330, 470, 465, 206, 210, 193, 193," 1,020"," 1,035", 839, 844, 262, 264, 143, 142
 臺南市," 1,586"," 1,637", 849, 875, 737, 762, 18, 14, 9, 10, 30, 25, 16, 16, 111, 108, 173, 177, 68, 67, 88, 91, 640, 675, 460, 478, 156, 159, 92, 93
 高雄市," 2,417"," 2,596"," 1,257"," 1,361"," 1,160"," 1,235", 12, 14, 13, 7, 29, 28, 21, 14, 221, 233, 340, 342, 152, 151, 165, 181, 855, 949, 634, 698, 233, 256, 112, 114
 臺灣省," 7,856"," 7,797"," 3,853"," 3,785"," 4,003"," 4,012", 49, 51, 46, 38, 123, 123, 91, 81, 652, 630," 1,212"," 1,188", 388, 380, 534, 568," 2,690"," 2,652"," 2,166"," 2,175", 671, 678, 348, 341
 宜蘭縣, 509, 506, 252, 246, 257, 260, 2, 5, 2, 3, 6, 9, 4, 5, 35, 36, 74, 76, 29, 29, 30, 34, 182, 172, 149, 145, 43, 39, 21, 20
 新竹縣, 607, 621, 266, 281, 341, 340, 2, 3, 5, 2, 6, 8, 7, 4, 55, 52, 137, 133, 38, 40, 46, 48, 167, 181, 151, 155, 41, 42, 18, 16
 苗栗縣, 726, 726, 378, 377, 348, 349, 4, 4, 3, 3, 12, 11, 8, 8, 66, 66, 110, 112, 35, 36, 44, 43, 265, 264, 186, 186, 55, 59, 27, 25
 彰化縣," 1,226"," 1,220", 624, 602, 602, 618, 7, 5, 7, 7, 16, 14, 14, 13, 72, 73, 124, 125, 81, 70, 72, 78, 455, 445, 392, 402, 114, 115, 63, 66
 南投縣, 593, 587, 283, 274, 310, 313, 5, 5, 2, 1, 8, 8, 3, 2, 48, 49, 96, 91, 29, 28, 54, 56, 198, 189, 157, 164, 44, 43, 28, 27
 雲林縣, 697, 694, 346, 329, 351, 365, 4, 4, 8, 5, 13, 12, 13, 11, 46, 42, 82, 86, 32, 31, 50, 55, 255, 244, 206, 213, 72, 67, 36, 37
 嘉義縣, 569, 548, 309, 293, 260, 255, 2, -, 5, 5, 10, 7, 10, 9, 47, 40, 42, 46, 24, 26, 38, 40, 228, 220, 170, 160, 67, 59, 33, 32
 屏東縣, 773, 751, 360, 336, 413, 415, 4, 4, 3, 4, 10, 9, 5, 6, 52, 49, 120, 113, 35, 35, 52, 56, 263, 243, 236, 240, 66, 62, 27, 26
 臺東縣, 336, 349, 151, 158, 185, 191, 4, 5, 4, 6, 10, 11, 7, 10, 32, 30, 68, 61, 8, 10, 34, 42, 101, 107, 76, 78, 33, 31, 14, 13
 花蓮縣, 527, 538, 235, 247, 292, 291, 8, 8, 4, 1, 11, 11, 6, 2, 43, 42, 113, 109, 25, 24, 46, 48, 156, 170, 127, 132, 33, 42, 22, 21
 澎湖縣, 63, 63, 35, 36, 28, 27, -, -, -, -, -, -, -, -, 5, 5, 3, 1, 4, 4, 6, 5, 26, 27, 19, 21, 6, 6, 2, 2
 基隆市, 526, 507, 254, 247, 272, 260, 4, 4, -, -, 12, 13, 4, 3, 71, 68, 117, 112, 20, 21, 30, 31, 151, 145, 121, 114, 36, 34, 24, 23
 新竹市, 461, 460, 233, 237, 228, 223, 2, 3, 1, 1, 5, 6, 4, 4, 58, 59, 101, 97, 17, 16, 20, 21, 153, 156, 103, 101, 38, 58, 16, 17
 嘉義市, 243, 227, 127, 122, 116, 105, 1, 1, 2, -, 4, 4, 6, 4, 22, 19, 25, 26, 11, 10, 12, 11, 90, 89, 73, 64, 23, 21, 17, 16
 福建省, 81, 70, 43, 38, 38, 32, 4, 3, -, -, 5, 4, -, -, 9, 9, 5, 4, 4, 4, 7, 6, 25, 21, 26, 22, 3, 2, 3, 2
 金門縣, 70, 63, 38, 34, 32, 29, 4, 3, -, -, 5, 4, -, -, 8, 8, 4, 4, 3, 3, 6, 5, 22, 19, 22, 20, 2, 2, 2, 1
 連江縣, 11, 7, 5, 4, 6, 3, -, -, -, -, -, -, -, -, 1, 1, 1, -, 1, 1, 1, 1, 3, 2, 4, 2, 1, -, 1, 1
105年1月," 1,897 "," 1,810 ", 966 , 936 , 931 , 874 , 10 , 5 , 10 , 5 , 26 , 20 , 20 , 15 , 162 , 160 , 287 , 273 , 102 , 105 , 129 , 121 , 676 , 651 , 495 , 465 , 202 , 192 , 104 , 98 
105年2月," 1,929 "," 2,383 ", 975 ," 1,269 ", 954 ," 1,114 ", 18 , 18 , 5 , 6 , 27 , 29 , 16 , 16 , 179 , 201 , 276 , 290 , 92 , 110 , 113 , 152 , 677 , 929 , 549 , 656 , 201 , 304 , 122 , 134 
105年3月," 2,256 "," 2,243 "," 1,115 "," 1,130 "," 1,141 "," 1,113 ", 15 , 17 , 7 , 9 , 34 , 31 , 22 , 22 , 242 , 225 , 349 , 339 , 111 , 110 , 125 , 142 , 728 , 764 , 645 , 610 , 195 , 205 , 119 , 107 
105年4月," 2,143 "," 2,092 "," 1,089 "," 1,051 "," 1,054 "," 1,041 ", 14 , 12 , 12 , 9 , 40 , 34 , 27 , 23 , 210 , 207 , 313 , 326 , 124 , 128 , 136 , 114 , 715 , 682 , 578 , 578 , 220 , 197 , 111 , 121 
105年5月," 2,210 "," 2,253 "," 1,105 "," 1,144 "," 1,105 "," 1,109 ", 15 , 13 , 15 , 11 , 39 , 42 , 29 , 26 , 229 , 228 , 357 , 334 , 108 , 122 , 147 , 163 , 729 , 752 , 572 , 586 , 212 , 221 , 98 , 97 
105年6月," 2,286 "," 2,187 "," 1,182 "," 1,101 "," 1,104 "," 1,086 ", 19 , 11 , 12 , 9 , 42 , 32 , 20 , 16 , 258 , 236 , 381 , 365 , 115 , 111 , 162 , 156 , 767 , 722 , 541 , 549 , 218 , 202 , 97 , 99 
105年7月," 2,115 "," 2,177 "," 1,056 "," 1,080 "," 1,059 "," 1,097 ", 22 , 21 , 18 , 17 , 46 , 45 , 33 , 26 , 166 , 208 , 271 , 334 , 113 , 113 , 155 , 168 , 731 , 714 , 600 , 569 , 188 , 198 , 122 , 115 
105年8月," 2,101 "," 2,108 "," 1,062 "," 1,039 "," 1,039 "," 1,069 ", 12 , 19 , 17 , 20 , 36 , 41 , 34 , 36 , 171 , 171 , 279 , 284 , 115 , 123 , 144 , 149 , 740 , 704 , 582 , 600 , 166 , 167 , 107 , 108 
105年9月," 2,055 "," 1,900 "," 1,058 ", 964 , 997 , 936 , 29 , 20 , 13 , 14 , 55 , 44 , 28 , 26 , 181 , 148 , 293 , 263 , 109 , 91 , 100 , 105 , 713 , 681 , 576 , 542 , 194 , 166 , 102 , 101 
105年10月," 2,189 "," 2,016 "," 1,124 "," 1,008 "," 1,065 "," 1,008 ", 32 , 20 , 15 , 10 , 57 , 44 , 33 , 30 , 184 , 176 , 303 , 290 , 123 , 118 , 151 , 136 , 760 , 670 , 578 , 552 , 188 , 185 , 125 , 124 
105年11月," 2,012 "," 1,981 "," 1,010 ", 988 ," 1,002 ", 993 , 15 , 18 , 13 , 7 , 35 , 42 , 18 , 13 , 198 , 182 , 297 , 293 , 113 , 98 , 112 , 127 , 664 , 666 , 575 , 560 , 167 , 164 , 103 , 102 
105年12月," 2,085 "," 2,099 "," 1,076 "," 1,098 "," 1,009 "," 1,001 ", 20 , 18 , 13 , 11 , 41 , 35 , 31 , 27 , 194 , 212 , 304 , 266 , 104 , 101 , 122 , 125 , 737 , 750 , 552 , 583 , 222 , 233 , 120 , 112 
, - , - , - , - , - , - , - , - , - , - , - , - , - , - , - , - , - , - , - , - , - , - , - , - , - , - , - , - , - , - 
106年," 25,792"," 25,927"," 13,251"," 13,307"," 12,541"," 12,620", 211, 198, 176, 164, 453, 446, 320, 296," 2,377"," 2,372"," 3,421"," 3,464"," 1,230"," 1,235"," 1,612"," 1,598"," 9,191"," 9,254"," 7,188"," 7,262"," 2,539"," 2,649"," 1,464"," 1,500"
 新北市," 5,061"," 5,033"," 2,590"," 2,567"," 2,471"," 2,466", 36, 42, 31, 25, 94, 100, 60, 52, 536, 524, 760, 762, 244, 244, 315, 305," 1,716"," 1,699"," 1,336"," 1,347", 528, 513, 290, 296
 臺北市," 2,352"," 2,306"," 1,242"," 1,189"," 1,110"," 1,117", 14, 16, 18, 17, 42, 44, 30, 27, 164, 167, 237, 241, 96, 100, 111, 113, 940, 878, 732, 736, 361, 337, 263, 267
 桃園市," 3,017"," 2,930"," 1,544"," 1,482"," 1,473"," 1,448", 24, 19, 21, 21, 68, 64, 43, 40, 370, 359, 462, 466, 145, 144, 164, 172, 961, 915, 804, 770, 212, 204, 121, 123
 臺中市," 3,178"," 3,261"," 1,659"," 1,738"," 1,519"," 1,523", 39, 35, 34, 28, 69, 66, 50, 42, 342, 340, 417, 418, 182, 187, 205, 194," 1,066"," 1,145", 847, 869, 278, 340, 159, 168
 臺南市," 1,672"," 1,697", 874, 882, 798, 815, 14, 15, 13, 14, 23, 25, 25, 26, 98, 102, 140, 148, 67, 72, 102, 107, 686, 683, 531, 534, 196, 202, 106, 104
 高雄市," 2,536"," 2,710"," 1,324"," 1,437"," 1,212"," 1,273", 17, 14, 16, 16, 35, 31, 28, 29, 189, 195, 303, 311, 140, 142, 165, 162, 960," 1,069", 716, 771, 268, 314, 156, 169
 臺灣省," 7,870"," 7,894"," 3,958"," 3,961"," 3,912"," 3,933", 67, 57, 43, 43, 120, 114, 84, 80, 671, 678," 1,092"," 1,108", 354, 345, 542, 539," 2,813"," 2,824"," 2,194"," 2,206", 689, 732, 362, 365
 宜蘭縣, 569, 568, 310, 316, 259, 252, 8, 8, 2, 2, 10, 11, 4, 3, 67, 66, 76, 75, 12, 15, 18, 17, 221, 224, 161, 157, 44, 42, 26, 25
 新竹縣, 586, 584, 318, 294, 268, 290, 5, 3, 2, 5, 10, 7, 3, 6, 69, 68, 92, 101, 34, 28, 39, 43, 205, 191, 134, 140, 45, 46, 21, 23
 苗栗縣, 651, 655, 324, 317, 327, 338, 5, 4, 2, 1, 9, 9, 5, 4, 55, 56, 115, 119, 31, 29, 48, 48, 229, 223, 159, 167, 45, 49, 26, 26
 彰化縣," 1,269"," 1,264", 660, 675, 609, 589, 5, 5, 5, 6, 11, 11, 11, 12, 83, 85, 147, 140, 58, 62, 86, 80, 508, 517, 365, 357, 138, 146, 46, 46
 南投縣, 509, 495, 242, 227, 267, 268, 6, 6, 3, 3, 10, 10, 5, 4, 46, 36, 71, 73, 26, 25, 45, 44, 160, 156, 146, 147, 30, 29, 29, 30
 雲林縣, 671, 667, 351, 345, 320, 322, 9, 9, 4, 5, 12, 13, 9, 9, 41, 44, 67, 68, 32, 25, 46, 49, 266, 263, 198, 196, 81, 79, 34, 34
 嘉義縣, 520, 543, 258, 272, 262, 271, 6, 4, 3, 3, 9, 7, 6, 6, 28, 33, 53, 51, 30, 31, 29, 35, 191, 201, 174, 179, 52, 54, 27, 27
 屏東縣, 836, 848, 424, 427, 412, 421, 6, 4, 7, 5, 8, 7, 13, 11, 52, 52, 84, 89, 41, 43, 58, 53, 323, 325, 257, 268, 74, 76, 38, 40
 臺東縣, 311, 326, 146, 163, 165, 163, 1, 2, 2, 2, 2, 3, 2, 2, 24, 24, 44, 48, 12, 10, 25, 24, 108, 126, 94, 89, 26, 50, 19, 19
 花蓮縣, 511, 505, 224, 224, 287, 281, 8, 7, 7, 5, 11, 11, 11, 9, 43, 43, 108, 102, 14, 16, 50, 48, 156, 154, 118, 122, 35, 36, 11, 10
 澎湖縣, 60, 56, 28, 24, 32, 32, -, -, -, -, -, -, -, -, 6, 6, 7, 8, 1, -, 2, 4, 21, 18, 23, 20, 4, 4, 5, 5
 基隆市, 595, 591, 291, 292, 304, 299, 2, 1, 2, -, 10, 9, 4, 2, 89, 94, 117, 120, 24, 21, 40, 39, 168, 168, 143, 138, 40, 42, 31, 29
 新竹市, 532, 529, 252, 252, 280, 277, 5, 3, 3, 3, 15, 13, 7, 7, 53, 53, 87, 90, 28, 26, 39, 35, 156, 160, 147, 145, 40, 48, 32, 34
 嘉義市, 250, 263, 130, 133, 120, 130, 1, 1, 1, 3, 3, 3, 4, 5, 15, 18, 24, 24, 11, 14, 17, 20, 101, 98, 75, 81, 35, 31, 17, 17
 福建省, 106, 96, 60, 51, 46, 45, -, -, -, -, 2, 2, -, -, 7, 7, 10, 10, 2, 1, 8, 6, 49, 41, 28, 29, 7, 7, 7, 8
 金門縣, 95, 86, 51, 44, 44, 42, -, -, -, -, 2, 2, -, -, 7, 7, 8, 8, 1, -, 8, 6, 41, 35, 28, 28, 6, 6, 7, 8
 連江縣, 11, 10, 9, 7, 2, 3, -, -, -, -, -, -, -, -, -, -, 2, 2, 1, 1, -, -, 8, 6, -, 1, 1, 1, -, -
106年1月," 1,973 "," 2,258 "," 1,032 "," 1,189 ", 941 ," 1,069 ", 12 , 15 , 12 , 15 , 37 , 40 , 22 , 23 , 169 , 185 , 236 , 303 , 89 , 107 , 131 , 138 , 737 , 857 , 552 , 605 , 222 , 265 , 126 , 144 
106年2月," 2,038 "," 2,075 "," 1,014 "," 1,091 "," 1,024 ", 984 , 19 , 19 , 18 , 17 , 35 , 42 , 30 , 29 , 166 , 161 , 280 , 248 , 129 , 128 , 150 , 126 , 684 , 760 , 564 , 581 , 182 , 216 , 108 , 111 
106年3月," 2,189 "," 2,332 "," 1,124 "," 1,202 "," 1,065 "," 1,130 ", 12 , 18 , 10 , 16 , 30 , 36 , 19 , 24 , 204 , 228 , 301 , 318 , 106 , 112 , 149 , 153 , 784 , 826 , 596 , 635 , 225 , 263 , 125 , 135 
106年4月," 2,178 "," 2,078 "," 1,079 "," 1,034 "," 1,099 "," 1,044 ", 17 , 12 , 8 , 13 , 33 , 31 , 20 , 24 , 224 , 205 , 302 , 274 , 99 , 97 , 141 , 146 , 723 , 701 , 636 , 600 , 201 , 202 , 130 , 133 
106年5月," 2,257 "," 2,216 "," 1,178 "," 1,125 "," 1,079 "," 1,091 ", 12 , 10 , 19 , 9 , 36 , 35 , 27 , 19 , 219 , 209 , 324 , 327 , 126 , 114 , 134 , 133 , 797 , 767 , 594 , 612 , 204 , 199 , 130 , 130 
106年6月," 2,136 "," 2,211 "," 1,100 "," 1,141 "," 1,036 "," 1,070 ", 27 , 26 , 14 , 13 , 45 , 41 , 20 , 17 , 206 , 207 , 276 , 309 , 102 , 112 , 131 , 137 , 747 , 781 , 609 , 607 , 205 , 237 , 130 , 127 
106年7月," 2,250 "," 2,198 "," 1,173 "," 1,132 "," 1,077 "," 1,066 ", 21 , 21 , 19 , 12 , 49 , 47 , 40 , 29 , 176 , 181 , 253 , 264 , 111 , 115 , 145 , 138 , 837 , 789 , 639 , 635 , 211 , 200 , 119 , 125 
106年8月," 2,430 "," 2,269 "," 1,221 "," 1,122 "," 1,209 "," 1,147 ", 19 , 12 , 18 , 12 , 45 , 35 , 31 , 25 , 200 , 201 , 307 , 297 , 116 , 103 , 161 , 144 , 860 , 783 , 710 , 681 , 249 , 219 , 126 , 123 
106年9月," 2,136 "," 2,182 "," 1,085 "," 1,085 "," 1,051 "," 1,097 ", 26 , 20 , 11 , 12 , 43 , 40 , 29 , 25 , 198 , 204 , 293 , 304 , 83 , 86 , 132 , 158 , 761 , 755 , 597 , 610 , 198 , 212 , 112 , 109 
106年10月," 2,171 "," 2,063 "," 1,115 "," 1,038 "," 1,056 "," 1,025 ", 20 , 14 , 18 , 15 , 40 , 33 , 27 , 29 , 232 , 214 , 305 , 273 , 96 , 78 , 130 , 131 , 747 , 713 , 594 , 592 , 211 , 187 , 123 , 119 
106年11月," 2,087 "," 2,136 "," 1,079 "," 1,118 "," 1,008 "," 1,018 ", 16 , 21 , 16 , 23 , 30 , 38 , 32 , 37 , 200 , 193 , 277 , 295 , 84 , 103 , 101 , 101 , 765 , 784 , 598 , 585 , 211 , 230 , 125 , 123 
106年12月," 1,947 "," 1,909 "," 1,051 "," 1,030 ", 896 , 879 , 10 , 10 , 13 , 7 , 30 , 28 , 23 , 15 , 183 , 184 , 267 , 252 , 89 , 80 , 107 , 93 , 749 , 738 , 499 , 519 , 220 , 219 , 110 , 121 
107年," 25,078"," 25,202"," 12,841"," 12,854"," 12,237"," 12,348", 232, 233, 183, 164, 465, 465, 320, 306," 2,210"," 2,221"," 3,149"," 3,161"," 1,250"," 1,246"," 1,564"," 1,622"," 8,916"," 8,922"," 7,204"," 7,259"," 2,518"," 2,539"," 1,673"," 1,648"
 新北市," 4,738"," 4,791"," 2,379"," 2,418"," 2,359"," 2,373", 46, 42, 46, 29, 99, 100, 82, 72, 461, 487, 683, 692, 218, 215, 275, 293," 1,601"," 1,616"," 1,319"," 1,316", 451, 472, 328, 325
 臺北市," 2,126"," 2,123"," 1,121"," 1,132"," 1,005", 991, 17, 18, 16, 16, 36, 37, 26, 24, 162, 167, 147, 160, 96, 94, 114, 117, 827, 834, 718, 690, 344, 349, 274, 261
 桃園市," 3,151"," 3,126"," 1,572"," 1,536"," 1,579"," 1,590", 26, 24, 23, 25, 66, 62, 38, 41, 393, 397, 532, 515, 146, 139, 217, 218, 967, 938, 792, 816, 229, 213, 161, 156
 臺中市," 3,045"," 3,150"," 1,595"," 1,642"," 1,450"," 1,508", 31, 43, 19, 19, 55, 66, 39, 40, 326, 317, 370, 376, 196, 206, 197, 215," 1,018"," 1,053", 844, 877, 287, 291, 187, 193
 臺南市," 1,667"," 1,718", 904, 907, 763, 811, 16, 15, 12, 11, 29, 28, 19, 19, 84, 84, 149, 157, 80, 83, 109, 111, 711, 712, 486, 524, 228, 229, 114, 115
 高雄市," 2,488"," 2,433"," 1,264"," 1,244"," 1,224"," 1,189", 16, 12, 17, 19, 31, 26, 29, 29, 172, 178, 269, 260, 122, 123, 178, 171, 939, 917, 748, 729, 274, 266, 175, 169
 臺灣省," 7,772"," 7,759"," 3,968"," 3,930"," 3,804"," 3,829", 80, 78, 50, 45, 148, 144, 86, 80, 604, 583, 990, 992, 389, 383, 467, 487," 2,827"," 2,820"," 2,261"," 2,270", 700, 715, 428, 423
 宜蘭縣, 535, 520, 272, 262, 263, 258, 2, 1, 2, 1, 6, 5, 6, 6, 58, 58, 71, 68, 22, 19, 22, 22, 186, 180, 164, 162, 49, 51, 25, 26
 新竹縣, 647, 594, 323, 304, 324, 290, 7, 6, 4, 5, 10, 10, 8, 7, 72, 64, 115, 112, 38, 34, 48, 38, 203, 196, 153, 133, 42, 36, 21, 17
 苗栗縣, 682, 689, 353, 349, 329, 340, 4, 4, 5, 5, 14, 14, 7, 6, 50, 48, 86, 86, 33, 36, 42, 45, 256, 251, 194, 203, 54, 52, 32, 34
 彰化縣," 1,214"," 1,231", 651, 654, 563, 577, 19, 19, 5, 5, 28, 28, 11, 11, 66, 62, 129, 129, 54, 56, 64, 72, 503, 508, 359, 365, 127, 137, 79, 74
 南投縣, 547, 532, 280, 268, 267, 264, 6, 4, 3, 3, 7, 5, 6, 5, 36, 38, 66, 65, 23, 23, 32, 34, 214, 202, 163, 160, 49, 46, 28, 27
 雲林縣, 645, 637, 340, 341, 305, 296, 8, 8, 6, 4, 11, 11, 8, 7, 33, 30, 49, 45, 34, 38, 37, 40, 262, 262, 211, 204, 72, 75, 44, 44
 嘉義縣, 508, 516, 265, 268, 243, 248, 4, 6, 1, -, 14, 17, 1, -, 35, 36, 43, 45, 29, 29, 32, 31, 187, 186, 167, 172, 57, 53, 38, 38
 屏東縣, 848, 863, 425, 432, 423, 431, 6, 9, 9, 5, 12, 15, 10, 7, 44, 42, 102, 97, 42, 37, 45, 56, 327, 338, 266, 271, 82, 85, 40, 38
 臺東縣, 360, 341, 171, 155, 189, 186, 4, 3, 5, 3, 9, 7, 8, 6, 22, 21, 48, 46, 14, 14, 34, 35, 126, 113, 99, 99, 31, 26, 17, 16
 花蓮縣, 499, 502, 260, 251, 239, 251, 7, 5, 2, 3, 12, 10, 5, 5, 58, 59, 73, 81, 24, 23, 27, 31, 166, 159, 134, 134, 36, 33, 20, 23
 澎湖縣, 70, 69, 38, 37, 32, 32, -, -, -, -, 2, 2, -, -, 5, 5, 7, 8, 1, 2, 4, 4, 30, 28, 21, 20, 9, 6, 5, 4
 基隆市, 474, 503, 247, 256, 227, 247, 6, 4, 2, 4, 12, 10, 7, 9, 67, 66, 85, 88, 28, 28, 27, 27, 140, 152, 108, 123, 22, 28, 22, 23
 新竹市, 524, 544, 232, 248, 292, 296, 5, 7, 5, 6, 6, 7, 8, 9, 39, 35, 85, 87, 29, 29, 39, 40, 158, 177, 160, 160, 44, 62, 41, 42
 嘉義市, 219, 218, 111, 105, 108, 113, 2, 2, 1, 1, 5, 3, 1, 2, 19, 19, 31, 35, 18, 15, 14, 12, 69, 68, 62, 64, 26, 25, 16, 17
 福建省, 91, 102, 38, 45, 53, 57, -, 1, -, -, 1, 2, 1, 1, 8, 8, 9, 9, 3, 3, 7, 10, 26, 32, 36, 37, 5, 4, 6, 6
 金門縣, 84, 95, 36, 44, 48, 51, -, 1, -, -, 1, 2, 1, 1, 8, 8, 8, 7, 2, 3, 7, 10, 25, 31, 32, 33, 4, 4, 5, 5
 連江縣, 7, 7, 2, 1, 5, 6, -, -, -, -, -, -, -, -, -, -, 1, 2, 1, -, -, -, 1, 1, 4, 4, 1, -, 1, 1
107年1月," 1,990 "," 2,031 ", 999 ," 1,038 ", 991 , 993 , 20 , 17 , 12 , 17 , 42 , 37 , 19 , 28 , 152 , 177 , 234 , 250 , 116 , 116 , 129 , 128 , 689 , 708 , 609 , 587 , 208 , 218 , 138 , 122 
107年2月," 1,741 "," 2,065 ", 913 ," 1,081 ", 828 , 984 , 13 , 14 , 6 , 7 , 25 , 30 , 13 , 17 , 125 , 140 , 185 , 229 , 95 , 112 , 102 , 126 , 668 , 799 , 528 , 612 , 208 , 280 , 123 , 136 
107年3月," 2,302 "," 2,252 "," 1,170 "," 1,153 "," 1,132 "," 1,099 ", 25 , 22 , 19 , 16 , 41 , 36 , 32 , 31 , 205 , 215 , 283 , 265 , 103 , 111 , 160 , 134 , 821 , 791 , 657 , 669 , 235 , 233 , 138 , 142 
107年4月," 2,184 "," 2,193 "," 1,116 "," 1,109 "," 1,068 "," 1,084 ", 15 , 15 , 21 , 10 , 39 , 38 , 34 , 20 , 190 , 177 , 249 , 258 , 106 , 106 , 140 , 141 , 781 , 788 , 645 , 665 , 243 , 232 , 146 , 141 
107年5月," 2,185 "," 2,239 "," 1,133 "," 1,132 "," 1,052 "," 1,107 ", 16 , 24 , 9 , 10 , 27 , 31 , 21 , 18 , 215 , 206 , 300 , 309 , 110 , 107 , 136 , 146 , 781 , 788 , 595 , 634 , 235 , 215 , 138 , 141 
107年6月," 2,086 "," 2,111 "," 1,039 "," 1,061 "," 1,047 "," 1,050 ", 19 , 26 , 14 , 8 , 41 , 47 , 22 , 19 , 196 , 208 , 273 , 283 , 96 , 103 , 131 , 153 , 706 , 703 , 621 , 595 , 194 , 188 , 152 , 144 
107年7月," 2,232 "," 2,178 "," 1,137 "," 1,074 "," 1,095 "," 1,104 ", 19 , 15 , 18 , 17 , 36 , 35 , 23 , 26 , 151 , 153 , 250 , 227 , 124 , 106 , 137 , 155 , 826 , 780 , 685 , 696 , 228 , 240 , 162 , 160 
107年8月," 2,116 "," 2,069 "," 1,103 "," 1,047 "," 1,013 "," 1,022 ", 25 , 23 , 28 , 19 , 47 , 43 , 42 , 30 , 172 , 165 , 258 , 275 , 101 , 114 , 139 , 157 , 783 , 725 , 574 , 560 , 205 , 189 , 127 , 120 
107年9月," 2,089 "," 1,973 "," 1,067 "," 1,001 "," 1,022 ", 972 , 19 , 19 , 15 , 16 , 38 , 43 , 35 , 32 , 196 , 175 , 287 , 267 , 85 , 85 , 128 , 125 , 748 , 698 , 572 , 548 , 171 , 171 , 122 , 125 
107年10月," 2,121 "," 2,125 "," 1,106 "," 1,115 "," 1,015 "," 1,010 ", 17 , 20 , 10 , 12 , 38 , 38 , 25 , 23 , 182 , 192 , 287 , 286 , 114 , 91 , 128 , 117 , 772 , 794 , 575 , 584 , 206 , 196 , 131 , 133 
107年11月," 1,989 "," 1,960 "," 1,010 ", 986 , 979 , 974 , 26 , 22 , 11 , 13 , 54 , 49 , 18 , 27 , 196 , 179 , 269 , 260 , 95 , 92 , 122 , 127 , 665 , 666 , 570 , 560 , 190 , 177 , 148 , 141 
107年12月," 2,043 "," 2,006 "," 1,048 "," 1,057 ", 995 , 949 , 18 , 16 , 20 , 19 , 37 , 38 , 36 , 35 , 230 , 234 , 274 , 252 , 105 , 103 , 112 , 113 , 676 , 682 , 573 , 549 , 195 , 200 , 148 , 143 
108年," 25,759"," 25,842"," 13,415"," 13,280"," 12,344"," 12,562", 161, 181, 171, 175, 419, 441, 342, 353," 2,281"," 2,305"," 3,396"," 3,411"," 1,352"," 1,372"," 1,567"," 1,609"," 9,363"," 9,162"," 7,039"," 7,189"," 2,655"," 2,601"," 1,680"," 1,672"
 新北市," 5,093"," 5,068"," 2,679"," 2,606"," 2,414"," 2,462", 24, 30, 25, 38, 83, 89, 48, 65, 583, 581, 800, 800, 253, 260, 275, 288," 1,760"," 1,676"," 1,291"," 1,309", 507, 494, 333, 339
 臺北市," 2,235"," 2,159"," 1,210"," 1,147"," 1,025"," 1,012", 14, 13, 13, 13, 37, 35, 34, 37, 154, 146, 186, 183, 101, 105, 92, 90, 918, 861, 713, 702, 360, 332, 273, 265
 桃園市," 3,222"," 3,257"," 1,641"," 1,636"," 1,581"," 1,621", 17, 21, 14, 14, 64, 71, 39, 39, 428, 433, 633, 636, 187, 192, 208, 215, 962, 940, 701, 731, 238, 220, 144, 138
 臺中市," 2,959"," 3,024"," 1,532"," 1,557"," 1,427"," 1,467", 17, 19, 16, 15, 42, 44, 46, 44, 261, 269, 376, 382, 202, 204, 179, 186," 1,027"," 1,040", 826, 855, 281, 295, 169, 168
 臺南市," 1,725"," 1,706", 937, 948, 788, 758, 20, 19, 20, 21, 39, 38, 31, 31, 82, 83, 139, 133, 69, 69, 119, 114, 747, 758, 499, 480, 223, 227, 134, 135
 高雄市," 2,570"," 2,562"," 1,360"," 1,322"," 1,210"," 1,240", 13, 16, 26, 24, 35, 38, 42, 42, 188, 182, 266, 281, 114, 112, 151, 159," 1,023", 990, 751, 758, 313, 313, 190, 190
 臺灣省," 7,844"," 7,969"," 3,998"," 4,015"," 3,846"," 3,954", 53, 61, 56, 50, 116, 124, 101, 95, 578, 605, 991, 991, 421, 425, 537, 552," 2,883"," 2,861"," 2,217"," 2,316", 720, 708, 429, 429
 宜蘭縣, 582, 564, 302, 277, 280, 287, 5, 5, 3, 4, 8, 7, 9, 8, 43, 40, 89, 91, 26, 25, 35, 33, 225, 205, 147, 155, 59, 53, 23, 23
 新竹縣, 678, 655, 328, 321, 350, 334, 6, 7, 6, 4, 12, 13, 7, 5, 58, 62, 102, 95, 46, 45, 38, 44, 212, 201, 203, 190, 36, 36, 24, 20
 苗栗縣, 609, 634, 322, 331, 287, 303, 2, 2, 1, 1, 10, 10, 5, 6, 43, 48, 98, 96, 38, 39, 47, 46, 231, 234, 137, 155, 54, 55, 21, 21
 彰化縣," 1,219"," 1,243", 646, 649, 573, 594, 9, 8, 8, 7, 16, 14, 12, 11, 79, 81, 120, 118, 58, 57, 70, 71, 493, 497, 371, 394, 135, 130, 79, 82
 南投縣, 588, 611, 317, 323, 271, 288, 2, 3, 4, 4, 9, 10, 7, 8, 60, 63, 71, 72, 29, 26, 40, 46, 219, 224, 153, 162, 43, 42, 28, 29
 雲林縣, 693, 714, 341, 350, 352, 364, 2, 4, 3, 3, 5, 7, 8, 7, 24, 26, 67, 71, 33, 33, 49, 49, 279, 284, 228, 237, 80, 76, 58, 56
 嘉義縣, 507, 528, 260, 263, 247, 265, 4, 4, 3, 4, 10, 10, 3, 4, 27, 29, 33, 37, 26, 30, 41, 35, 197, 194, 170, 189, 44, 45, 33, 33
 屏東縣, 809, 864, 398, 419, 411, 445, 6, 6, 5, 5, 13, 13, 9, 9, 42, 50, 98, 105, 34, 39, 61, 68, 309, 317, 243, 263, 84, 88, 49, 50
 臺東縣, 337, 335, 166, 161, 171, 174, 4, 5, 4, 3, 5, 6, 4, 3, 24, 27, 45, 47, 17, 17, 31, 32, 120, 111, 91, 92, 33, 24, 20, 22
 花蓮縣, 551, 551, 264, 273, 287, 278, 2, 5, 7, 4, 9, 11, 14, 12, 69, 70, 97, 91, 39, 35, 37, 41, 147, 157, 139, 134, 39, 48, 24, 21
 澎湖縣, 81, 80, 43, 42, 38, 38, -, -, -, -, -, -, 1, 1, 2, 2, 8, 6, 8, 8, 12, 12, 33, 32, 17, 19, 9, 9, 2, 3
 基隆市, 461, 457, 245, 236, 216, 221, 4, 6, 7, 7, 5, 7, 8, 8, 52, 51, 65, 68, 29, 30, 28, 29, 159, 148, 115, 116, 45, 42, 21, 20
 新竹市, 491, 499, 245, 249, 246, 250, 6, 5, 3, 3, 11, 11, 10, 10, 44, 47, 72, 71, 20, 23, 30, 30, 170, 168, 134, 139, 34, 36, 34, 36
 嘉義市, 238, 234, 121, 121, 117, 113, 1, 1, 2, 1, 3, 5, 4, 3, 11, 9, 26, 23, 18, 18, 18, 16, 89, 89, 69, 71, 25, 24, 13, 13
 福建省, 111, 97, 58, 49, 53, 48, 3, 2, 1, -, 3, 2, 1, -, 7, 6, 5, 5, 5, 5, 6, 5, 43, 36, 41, 38, 13, 12, 8, 8
 金門縣, 104, 90, 54, 44, 50, 46, 3, 2, 1, -, 3, 2, 1, -, 7, 6, 5, 5, 5, 4, 5, 5, 39, 32, 39, 36, 12, 11, 8, 8
 連江縣, 7, 7, 4, 5, 3, 2, -, -, -, -, -, -, -, -, -, -, -, -, -, 1, 1, -, 4, 4, 2, 2, 1, 1, -, -
108年1月," 2,095 "," 2,305 "," 1,082 "," 1,176 "," 1,013 "," 1,129 ", 8 , 12 , 11 , 15 , 24 , 30 , 23 , 32 , 172 , 212 , 236 , 284 , 116 , 119 , 143 , 144 , 770 , 815 , 611 , 669 , 228 , 252 , 157 , 154 
108年2月," 2,083 "," 2,107 "," 1,063 "," 1,057 "," 1,020 "," 1,050 ", 11 , 18 , 12 , 14 , 35 , 39 , 23 , 24 , 157 , 155 , 273 , 262 , 123 , 116 , 133 , 155 , 748 , 747 , 591 , 609 , 231 , 231 , 142 , 145 
108年3月," 2,252 "," 2,260 "," 1,193 "," 1,202 "," 1,059 "," 1,058 ", 13 , 16 , 25 , 17 , 33 , 37 , 39 , 27 , 248 , 249 , 257 , 272 , 132 , 134 , 137 , 139 , 780 , 782 , 626 , 620 , 200 , 204 , 131 , 131 
108年4月," 2,188 "," 2,167 "," 1,163 "," 1,116 "," 1,025 "," 1,051 ", 15 , 15 , 13 , 16 , 45 , 42 , 27 , 33 , 245 , 221 , 303 , 293 , 113 , 107 , 132 , 129 , 760 , 746 , 563 , 596 , 221 , 222 , 146 , 150 
108年5月," 2,267 "," 2,221 "," 1,220 "," 1,177 "," 1,047 "," 1,044 ", 12 , 11 , 12 , 13 , 32 , 32 , 22 , 22 , 212 , 215 , 293 , 298 , 123 , 130 , 125 , 128 , 853 , 800 , 607 , 596 , 244 , 229 , 145 , 144 
108年6月," 2,187 "," 2,191 "," 1,130 "," 1,123 "," 1,057 "," 1,068 ", 12 , 13 , 12 , 14 , 29 , 32 , 29 , 32 , 182 , 184 , 296 , 308 , 130 , 134 , 150 , 141 , 789 , 773 , 582 , 587 , 250 , 238 , 129 , 115 
108年7月," 2,143 "," 2,193 "," 1,117 "," 1,139 "," 1,026 "," 1,054 ", 16 , 19 , 16 , 17 , 41 , 41 , 28 , 29 , 164 , 187 , 254 , 272 , 106 , 104 , 127 , 134 , 806 , 807 , 617 , 619 , 212 , 203 , 138 , 147 
108年8月," 2,107 "," 2,116 "," 1,099 "," 1,088 "," 1,008 "," 1,028 ", 18 , 18 , 7 , 10 , 39 , 40 , 19 , 25 , 164 , 167 , 261 , 250 , 122 , 123 , 137 , 141 , 774 , 758 , 591 , 612 , 211 , 190 , 139 , 138 
108年9月," 2,173 "," 2,086 "," 1,078 "," 1,013 "," 1,095 "," 1,073 ", 20 , 17 , 17 , 14 , 39 , 37 , 31 , 25 , 179 , 167 , 305 , 277 , 109 , 105 , 145 , 147 , 751 , 704 , 614 , 624 , 193 , 188 , 132 , 136 
108年10月," 2,295 "," 2,324 "," 1,183 "," 1,185 "," 1,112 "," 1,139 ", 11 , 15 , 21 , 17 , 44 , 46 , 45 , 44 , 205 , 200 , 339 , 336 , 104 , 111 , 141 , 142 , 830 , 828 , 587 , 617 , 220 , 216 , 153 , 149 
108年11月," 2,012 "," 1,908 "," 1,025 ", 964 , 987 , 944 , 13 , 13 , 13 , 11 , 30 , 34 , 30 , 25 , 162 , 173 , 289 , 275 , 94 , 96 , 109 , 117 , 739 , 661 , 559 , 527 , 207 , 192 , 153 , 140 
108年12月," 1,957 "," 1,964 "," 1,062 "," 1,040 ", 895 , 924 , 12 , 14 , 12 , 17 , 28 , 31 , 26 , 35 , 191 , 175 , 290 , 284 , 80 , 93 , 88 , 92 , 763 , 741 , 491 , 513 , 238 , 236 , 115 , 123 
109年," 25,077"," 26,229"," 13,079"," 13,669"," 11,998"," 12,560", 170, 197, 157, 172, 372, 406, 287, 317," 2,281"," 2,335"," 3,391"," 3,531"," 1,355"," 1,365"," 1,500"," 1,580"," 9,071"," 9,563"," 6,820"," 7,132"," 2,805"," 3,014"," 1,786"," 1,806"
 新北市," 4,658"," 4,789"," 2,416"," 2,499"," 2,242"," 2,290", 28, 28, 33, 31, 61, 63, 72, 70, 483, 483, 676, 708, 273, 272, 280, 277," 1,599"," 1,681"," 1,214"," 1,235", 511, 550, 348, 340
 臺北市," 2,181"," 2,235"," 1,263"," 1,293", 918, 942, 15, 14, 7, 7, 34, 32, 16, 14, 168, 179, 176, 175, 111, 104, 101, 98, 950, 978, 625, 655, 443, 498, 256, 264
 桃園市," 3,196"," 3,272"," 1,624"," 1,665"," 1,572"," 1,607", 31, 34, 19, 18, 73, 77, 34, 34, 424, 434, 594, 612, 178, 178, 188, 206, 949, 976, 756, 755, 239, 246, 155, 150
 臺中市," 3,055"," 3,089"," 1,563"," 1,591"," 1,492"," 1,498", 24, 27, 20, 19, 52, 57, 36, 35, 268, 275, 420, 428, 192, 188, 181, 181," 1,051"," 1,071", 855, 854, 320, 321, 240, 238
 臺南市," 1,667"," 1,704", 896, 894, 771, 810, 8, 12, 3, 5, 20, 23, 4, 6, 124, 120, 160, 166, 86, 81, 116, 121, 666, 670, 491, 517, 224, 226, 118, 116
 高雄市," 2,562"," 2,624"," 1,348"," 1,370"," 1,214"," 1,254", 12, 16, 20, 19, 34, 40, 34, 36, 185, 186, 334, 335, 117, 121, 139, 146," 1,012"," 1,023", 707, 737, 300, 292, 195, 202
 臺灣省," 7,679"," 8,424"," 3,918"," 4,296"," 3,761"," 4,128", 52, 66, 55, 72, 98, 114, 91, 121, 624, 652," 1,024"," 1,099", 393, 415, 494, 549," 2,803"," 3,115"," 2,152"," 2,359", 755, 866, 468, 491
 宜蘭縣, 524, 549, 264, 275, 260, 274, 5, 5, 3, 2, 9, 9, 6, 7, 44, 46, 65, 71, 23, 24, 37, 40, 188, 196, 152, 156, 58, 58, 31, 31
 新竹縣, 611, 756, 315, 411, 296, 345, 4, 7, 9, 10, 7, 11, 13, 17, 57, 69, 106, 117, 40, 44, 34, 40, 211, 287, 143, 171, 47, 74, 24, 26
 苗栗縣, 703, 755, 349, 382, 354, 373, 2, 4, -, 1, 7, 9, 3, 4, 53, 55, 132, 139, 41, 41, 39, 38, 248, 277, 180, 192, 60, 72, 31, 37
 彰化縣," 1,133"," 1,298", 615, 688, 518, 610, 6, 8, 7, 10, 11, 16, 10, 13, 90, 90, 95, 112, 59, 66, 77, 95, 455, 516, 336, 390, 125, 143, 66, 67
 南投縣, 555, 548, 280, 279, 275, 269, 7, 6, 5, 4, 8, 6, 8, 7, 44, 50, 60, 61, 34, 36, 41, 41, 194, 187, 166, 160, 49, 51, 38, 39
 雲林縣, 614, 726, 326, 376, 288, 350, 6, 9, 5, 8, 7, 10, 8, 12, 25, 28, 46, 49, 24, 27, 44, 51, 270, 311, 190, 238, 81, 90, 42, 45
 嘉義縣, 515, 520, 274, 272, 241, 248, 3, 3, 6, 6, 6, 5, 9, 10, 49, 48, 42, 42, 14, 15, 31, 35, 205, 204, 159, 161, 52, 54, 46, 45
 屏東縣, 866, 891, 439, 429, 427, 462, 6, 6, 7, 10, 10, 9, 12, 16, 51, 50, 105, 114, 55, 53, 52, 53, 323, 317, 258, 279, 84, 91, 62, 63
 臺東縣, 332, 340, 176, 172, 156, 168, 3, 3, 6, 7, 7, 7, 7, 8, 34, 33, 48, 51, 15, 13, 15, 20, 120, 119, 86, 89, 34, 28, 17, 16
 花蓮縣, 588, 762, 277, 383, 311, 379, 2, 8, 1, 7, 9, 16, 3, 13, 57, 57, 117, 130, 27, 37, 48, 54, 184, 273, 143, 182, 49, 78, 30, 38
 澎湖縣, 56, 58, 25, 28, 31, 30, 1, 1, 2, 2, 1, 1, 2, 2, 2, 2, 6, 7, 2, 2, 3, 3, 20, 23, 20, 18, 8, 9, 5, 5
 基隆市, 518, 512, 262, 254, 256, 258, 5, 4, 1, 1, 8, 7, 4, 5, 66, 69, 86, 85, 30, 29, 33, 34, 158, 149, 133, 134, 41, 39, 34, 35
 新竹市, 453, 486, 217, 241, 236, 245, 1, 1, 3, 4, 7, 7, 5, 6, 39, 40, 85, 88, 19, 19, 23, 25, 152, 175, 123, 126, 42, 49, 28, 29
 嘉義市, 211, 223, 99, 106, 112, 117, 1, 1, -, -, 1, 1, 1, 1, 13, 15, 31, 33, 10, 9, 17, 20, 75, 81, 63, 63, 25, 30, 14, 15
 福建省, 79, 92, 51, 61, 28, 31, -, -, -, 1, -, -, -, 1, 5, 6, 7, 8, 5, 6, 1, 2, 41, 49, 20, 20, 13, 15, 6, 5
 金門縣, 72, 82, 46, 55, 26, 27, -, -, -, 1, -, -, -, 1, 4, 5, 6, 7, 5, 6, 1, 1, 37, 44, 19, 18, 13, 15, 6, 5
 連江縣, 7, 10, 5, 6, 2, 4, -, -, -, -, -, -, -, -, 1, 1, 1, 1, -, -, -, 1, 4, 5, 1, 2, -, -, -, -
109年1月," 2,068 "," 2,238 "," 1,069 "," 1,171 ", 999 ," 1,067 ", 19 , 19 , 14 , 13 , 35 , 31 , 22 , 22 , 145 , 160 , 254 , 276 , 99 , 104 , 136 , 141 , 790 , 876 , 587 , 628 , 270 , 314 , 162 , 159 
109年2月," 1,939 "," 2,037 "," 1,046 "," 1,057 ", 893 , 980 , 8 , 9 , 15 , 16 , 18 , 21 , 26 , 24 , 150 , 144 , 230 , 257 , 94 , 96 , 125 , 146 , 784 , 796 , 512 , 553 , 268 , 248 , 127 , 132 
109年3月," 2,111 "," 2,153 "," 1,087 "," 1,141 "," 1,024 "," 1,012 ", 17 , 13 , 9 , 7 , 38 , 37 , 16 , 18 , 191 , 191 , 341 , 327 , 101 , 93 , 120 , 120 , 757 , 820 , 547 , 547 , 212 , 244 , 134 , 134 
109年4月," 1,920 "," 2,038 "," 1,006 "," 1,051 ", 914 , 987 , 11 , 10 , 12 , 14 , 18 , 14 , 24 , 24 , 193 , 192 , 301 , 329 , 110 , 105 , 111 , 113 , 685 , 740 , 478 , 521 , 201 , 211 , 123 , 126 
109年5月," 2,120 "," 2,159 "," 1,073 "," 1,086 "," 1,047 "," 1,073 ", 18 , 15 , 10 , 7 , 43 , 39 , 18 , 14 , 194 , 182 , 298 , 286 , 128 , 118 , 134 , 137 , 708 , 747 , 597 , 636 , 198 , 231 , 164 , 166 
109年6月," 2,091 "," 2,105 "," 1,076 "," 1,108 "," 1,015 ", 997 , 7 , 7 , 11 , 9 , 22 , 23 , 18 , 18 , 191 , 199 , 271 , 263 , 115 , 116 , 154 , 144 , 748 , 770 , 572 , 572 , 249 , 271 , 155 , 155 
109年7月," 2,159 "," 2,244 "," 1,112 "," 1,142 "," 1,047 "," 1,102 ", 9 , 9 , 11 , 9 , 30 , 31 , 20 , 14 , 184 , 187 , 280 , 296 , 108 , 101 , 125 , 148 , 790 , 823 , 622 , 644 , 233 , 248 , 155 , 149 
109年8月," 2,116 "," 2,105 "," 1,113 "," 1,096 "," 1,003 "," 1,009 ", 21 , 19 , 13 , 10 , 32 , 33 , 25 , 22 , 158 , 175 , 220 , 249 , 113 , 126 , 125 , 116 , 810 , 762 , 633 , 622 , 231 , 217 , 163 , 157 
109年9月," 2,192 "," 2,430 "," 1,130 "," 1,220 "," 1,062 "," 1,210 ", 17 , 38 , 13 , 28 , 36 , 57 , 33 , 53 , 228 , 261 , 304 , 370 , 136 , 140 , 125 , 163 , 730 , 762 , 600 , 624 , 232 , 228 , 159 , 153 
109年10月," 2,062 "," 2,248 "," 1,105 "," 1,230 ", 957 ," 1,018 ", 9 , 16 , 10 , 13 , 31 , 39 , 22 , 33 , 215 , 208 , 281 , 278 , 107 , 112 , 108 , 106 , 752 , 871 , 546 , 601 , 244 , 326 , 160 , 178 
109年11月," 2,251 "," 2,316 "," 1,181 "," 1,214 "," 1,070 "," 1,102 ", 19 , 17 , 19 , 20 , 39 , 40 , 30 , 32 , 227 , 224 , 318 , 321 , 131 , 138 , 124 , 118 , 784 , 812 , 598 , 631 , 237 , 231 , 153 , 156 
109年12月," 2,048 "," 2,156 "," 1,081 "," 1,153 ", 967 ," 1,003 ", 15 , 25 , 20 , 26 , 30 , 41 , 33 , 43 , 205 , 212 , 293 , 279 , 113 , 116 , 113 , 128 , 733 , 784 , 528 , 553 , 230 , 245 , 131 , 141 
110年," 23,598"," 25,460"," 12,580"," 13,794"," 11,018"," 11,666", 139, 167, 138, 157, 343, 372, 259, 284," 2,036"," 2,090"," 2,712"," 2,775"," 1,227"," 1,298"," 1,316"," 1,359"," 8,974"," 10,034"," 6,731"," 7,248"," 2,841"," 3,331"," 1,941"," 2,002"
 新北市," 4,448"," 4,707"," 2,438"," 2,597"," 2,010"," 2,110", 23, 29, 22, 25, 66, 64, 46, 52, 459, 467, 530, 544, 232, 250, 226, 230," 1,681"," 1,816"," 1,208"," 1,284", 573, 639, 402, 412
 臺北市," 1,974"," 2,180"," 1,086"," 1,236", 888, 944, 10, 10, 14, 14, 29, 31, 16, 18, 156, 154, 166, 172, 79, 82, 66, 79, 822, 969, 640, 675, 333, 449, 256, 268
 桃園市," 2,885"," 3,279"," 1,536"," 1,808"," 1,349"," 1,471", 16, 27, 22, 22, 43, 53, 37, 38, 370, 382, 382, 405, 179, 193, 186, 182, 944," 1,180", 744, 846, 261, 355, 175, 192
 臺中市," 2,779"," 2,911"," 1,439"," 1,518"," 1,340"," 1,393", 22, 25, 18, 23, 56, 60, 37, 42, 235, 244, 339, 342, 152, 161, 174, 177, 996," 1,053", 790, 832, 308, 324, 210, 213
 臺南市," 1,730"," 1,803", 949," 1,005", 781, 798, 7, 7, 8, 7, 25, 26, 13, 12, 127, 129, 160, 156, 81, 81, 76, 80, 716, 769, 532, 550, 245, 260, 157, 162
 高雄市," 2,635"," 2,657"," 1,421"," 1,419"," 1,214"," 1,238", 21, 21, 12, 14, 43, 42, 21, 23, 185, 189, 259, 269, 145, 132, 141, 144," 1,048"," 1,056", 793, 802, 362, 362, 251, 245
 臺灣省," 7,061"," 7,840"," 3,670"," 4,171"," 3,391"," 3,669", 40, 48, 42, 52, 80, 95, 87, 97, 500, 521, 871, 882, 358, 398, 443, 463," 2,732"," 3,157"," 1,990"," 2,227", 752, 935, 482, 501
 宜蘭縣, 543, 585, 289, 317, 254, 268, 3, 4, 3, 3, 6, 9, 7, 7, 42, 43, 70, 69, 24, 26, 21, 24, 217, 239, 156, 168, 62, 77, 37, 36
 新竹縣, 577, 578, 311, 300, 266, 278, 7, 8, 6, 10, 10, 10, 9, 13, 62, 63, 95, 96, 40, 35, 31, 28, 199, 192, 131, 141, 39, 37, 25, 30
 苗栗縣, 551, 579, 290, 298, 261, 281, 1, 1, 4, 4, 2, 2, 6, 6, 48, 50, 60, 60, 27, 30, 38, 45, 213, 216, 157, 170, 51, 55, 31, 31
 彰化縣," 1,081"," 1,178", 570, 628, 511, 550, 2, 2, 7, 6, 8, 8, 18, 17, 58, 64, 100, 98, 47, 54, 72, 71, 457, 502, 321, 364, 123, 134, 77, 85
 南投縣, 482, 613, 257, 347, 225, 266, 4, 5, 6, 8, 5, 9, 7, 9, 33, 34, 43, 48, 25, 31, 22, 22, 194, 273, 153, 187, 50, 89, 30, 33
 雲林縣, 494, 576, 263, 305, 231, 271, 2, 4, 1, 2, 3, 5, 3, 4, 22, 24, 29, 30, 14, 20, 39, 43, 224, 256, 160, 194, 72, 81, 50, 50
 嘉義縣, 432, 503, 246, 294, 186, 209, 4, 6, -, -, 5, 8, 3, 3, 24, 26, 35, 34, 25, 25, 25, 31, 192, 235, 123, 141, 52, 63, 28, 27
 屏東縣, 887," 1,018", 453, 558, 434, 460, 5, 7, 5, 7, 12, 14, 11, 13, 49, 50, 113, 112, 52, 61, 61, 62, 340, 433, 249, 273, 111, 145, 63, 66
 臺東縣, 320, 346, 163, 179, 157, 167, 3, 2, 3, 3, 5, 4, 4, 4, 26, 25, 44, 46, 17, 20, 19, 18, 115, 130, 90, 99, 29, 36, 32, 31
 花蓮縣, 529, 549, 240, 255, 289, 294, -, -, 2, 3, 5, 6, 8, 9, 45, 47, 96, 100, 19, 21, 55, 52, 171, 181, 130, 133, 52, 48, 31, 30
 澎湖縣, 64, 72, 32, 36, 32, 36, 2, 2, -, -, 4, 4, 1, 1, -, -, 3, 2, 8, 8, 1, -, 20, 24, 27, 33, 3, 2, 13, 13
 基隆市, 474, 497, 245, 256, 229, 241, 2, 1, -, -, 7, 7, 3, 3, 54, 53, 95, 98, 29, 31, 23, 25, 155, 165, 108, 115, 48, 49, 24, 22
 新竹市, 388, 452, 205, 252, 183, 200, 3, 4, 1, 2, 3, 4, 1, 2, 30, 33, 51, 52, 25, 27, 17, 20, 147, 188, 114, 126, 30, 60, 26, 30
 嘉義市, 239, 294, 106, 146, 133, 148, 2, 2, 4, 4, 5, 5, 6, 6, 7, 9, 37, 37, 6, 9, 19, 22, 88, 123, 71, 83, 30, 59, 15, 17
 福建省, 86, 83, 41, 40, 45, 43, -, -, -, -, 1, 1, 2, 2, 4, 4, 5, 5, 1, 1, 4, 4, 35, 34, 34, 32, 7, 7, 8, 9
 金門縣, 78, 77, 38, 38, 40, 39, -, -, -, -, -, -, 2, 2, 4, 4, 5, 5, 1, 1, 4, 4, 33, 33, 29, 28, 7, 7, 8, 9
 連江縣, 8, 6, 3, 2, 5, 4, -, -, -, -, 1, 1, -, -, -, -, -, -, -, -, -, -, 2, 1, 5, 4, -, -, -, -
110年1月," 2,066 "," 2,703 "," 1,123 "," 1,530 ", 943 ," 1,173 ", 12 , 20 , 9 , 26 , 28 , 40 , 15 , 34 , 217 , 247 , 257 , 297 , 104 , 133 , 118 , 138 , 774 ," 1,110 ", 553 , 704 , 266 , 383 , 176 , 168 
110年2月," 2,000 "," 2,553 "," 1,057 "," 1,432 ", 943 ," 1,121 ", 8 , 18 , 13 , 12 , 22 , 35 , 20 , 17 , 169 , 165 , 212 , 228 , 102 , 142 , 123 , 141 , 764 ," 1,090 ", 588 , 735 , 251 , 379 , 184 , 213 
110年3月," 2,256 "," 2,739 "," 1,185 "," 1,533 "," 1,071 "," 1,206 ", 10 , 17 , 6 , 13 , 27 , 36 , 21 , 32 , 214 , 240 , 295 , 287 , 141 , 166 , 128 , 140 , 803 ," 1,091 ", 627 , 747 , 243 , 388 , 162 , 180 
110年4月," 2,208 "," 2,515 "," 1,135 "," 1,333 "," 1,073 "," 1,182 ", 17 , 19 , 17 , 13 , 34 , 36 , 31 , 27 , 215 , 215 , 316 , 316 , 126 , 126 , 127 , 151 , 760 , 956 , 599 , 688 , 228 , 359 , 166 , 196 
110年5月," 2,085 "," 2,064 "," 1,099 "," 1,113 ", 986 , 951 , 10 , 14 , 10 , 13 , 30 , 27 , 15 , 19 , 209 , 197 , 285 , 257 , 111 , 87 , 116 , 102 , 749 , 802 , 570 , 573 , 225 , 271 , 166 , 165 
110年6月," 1,494 "," 1,425 ", 774 , 741 , 720 , 684 , 9 , 8 , 7 , 3 , 25 , 22 , 17 , 12 , 118 , 119 , 144 , 151 , 69 , 71 , 98 , 80 , 562 , 529 , 461 , 441 , 180 , 178 , 140 , 141 
110年7月," 1,743 "," 1,700 ", 931 , 885 , 812 , 815 , 16 , 18 , 11 , 13 , 27 , 30 , 19 , 23 , 107 , 111 , 171 , 171 , 93 , 94 , 89 , 84 , 704 , 650 , 533 , 537 , 230 , 212 , 144 , 141 
110年8月," 1,835 "," 1,949 "," 1,024 "," 1,068 ", 811 , 881 , 12 , 10 , 7 , 12 , 24 , 26 , 13 , 15 , 125 , 142 , 165 , 194 , 86 , 95 , 102 , 108 , 789 , 805 , 531 , 564 , 270 , 261 , 129 , 128 
110年9月," 2,072 "," 1,991 "," 1,078 "," 1,043 ", 994 , 948 , 15 , 15 , 19 , 21 , 32 , 33 , 34 , 40 , 151 , 158 , 204 , 212 , 112 , 109 , 130 , 117 , 783 , 743 , 626 , 579 , 261 , 224 , 168 , 153 
110年10月," 1,976 "," 2,008 "," 1,047 "," 1,056 ", 929 , 952 , - , - , 16 , 14 , 29 , 24 , 27 , 24 , 177 , 173 , 247 , 237 , 82 , 91 , 96 , 110 , 759 , 768 , 559 , 581 , 227 , 219 , 187 , 185 
110年11月," 1,926 "," 1,904 "," 1,067 "," 1,047 ", 859 , 857 , 13 , 8 , 12 , 9 , 29 , 24 , 21 , 18 , 173 , 177 , 186 , 191 , 97 , 91 , 89 , 87 , 768 , 755 , 563 , 561 , 218 , 217 , 165 , 168 
110年12月," 1,937 "," 1,909 "," 1,060 "," 1,013 ", 877 , 896 , 17 , 20 , 11 , 8 , 36 , 39 , 26 , 23 , 161 , 146 , 230 , 234 , 104 , 93 , 100 , 101 , 759 , 735 , 521 , 538 , 242 , 240 , 154 , 164 
111年," 24,574"," 25,385"," 13,389"," 13,830"," 11,185"," 11,555", 138, 142, 133, 148, 382, 394, 293, 302," 1,945"," 1,956"," 2,623"," 2,606"," 1,357"," 1,386"," 1,321"," 1,331"," 9,705"," 10,094"," 6,948"," 7,316"," 2,921"," 3,057"," 2,110"," 2,132"
 新北市," 4,519"," 4,538"," 2,428"," 2,403"," 2,091"," 2,135", 25, 28, 18, 27, 75, 79, 50, 55, 394, 402, 542, 538, 221, 211, 248, 246," 1,738"," 1,711"," 1,251"," 1,296", 582, 530, 446, 421
 臺北市," 1,961"," 2,197"," 1,090"," 1,261", 871, 936, 14, 12, 8, 11, 30, 29, 28, 33, 148, 147, 127, 128, 84, 94, 76, 82, 828, 991, 640, 693, 311, 411, 260, 288
 桃園市," 3,061"," 3,187"," 1,664"," 1,713"," 1,397"," 1,474", 19, 18, 19, 20, 53, 55, 40, 39, 389, 398, 394, 392, 195, 201, 182, 194," 1,027"," 1,059", 781, 849, 252, 265, 203, 211
 臺中市," 2,891"," 2,924"," 1,528"," 1,556"," 1,363"," 1,368", 16, 13, 14, 20, 49, 47, 38, 43, 253, 248, 329, 325, 158, 161, 173, 163," 1,068"," 1,100", 823, 837, 301, 326, 250, 251
 臺南市," 1,810"," 1,994"," 1,005"," 1,123", 805, 871, 13, 13, 9, 10, 32, 33, 22, 22, 113, 121, 162, 156, 84, 91, 84, 89, 776, 878, 537, 604, 253, 296, 180, 184
 高雄市," 2,554"," 2,690"," 1,381"," 1,455"," 1,173"," 1,235", 7, 10, 13, 11, 33, 36, 25, 23, 129, 130, 236, 241, 151, 163, 145, 156," 1,068"," 1,126", 767, 815, 336, 344, 250, 252
 臺灣省," 7,686"," 7,756"," 4,242"," 4,264"," 3,444"," 3,492", 44, 48, 52, 49, 110, 115, 90, 87, 513, 504, 823, 816, 462, 463, 408, 397," 3,157"," 3,182"," 2,123"," 2,192", 874, 873, 515, 519
 宜蘭縣, 551, 578, 286, 296, 265, 282, 8, 11, 3, 4, 9, 12, 3, 4, 36, 36, 68, 69, 30, 26, 29, 26, 211, 222, 165, 183, 58, 58, 33, 33
 新竹縣, 646, 634, 371, 358, 275, 276, 3, 3, 6, 4, 12, 12, 8, 6, 49, 47, 94, 92, 44, 50, 41, 43, 266, 249, 132, 135, 59, 57, 32, 31
 苗栗縣, 646, 640, 343, 350, 303, 290, 4, 4, 3, 3, 16, 15, 6, 5, 39, 38, 88, 81, 39, 36, 48, 43, 249, 261, 161, 161, 68, 67, 33, 32
 彰化縣," 1,223"," 1,181", 684, 660, 539, 521, 10, 9, 9, 7, 16, 15, 18, 16, 64, 60, 85, 88, 67, 64, 68, 65, 537, 521, 368, 352, 158, 156, 86, 83
 南投縣, 529, 526, 278, 273, 251, 253, 2, 2, 4, 4, 4, 4, 8, 8, 36, 38, 45, 44, 30, 29, 32, 30, 208, 202, 166, 171, 51, 51, 46, 49
 雲林縣, 520, 515, 287, 281, 233, 234, 1, 2, 4, 5, 4, 5, 5, 6, 17, 16, 25, 24, 30, 31, 22, 22, 236, 229, 181, 182, 60, 59, 48, 46
 嘉義縣, 537, 553, 324, 324, 213, 229, 1, 2, 7, 7, 2, 3, 7, 7, 18, 17, 34, 37, 30, 32, 27, 28, 274, 272, 145, 157, 78, 83, 34, 35
 屏東縣, 898, 969, 520, 566, 378, 403, 6, 6, 2, 3, 12, 13, 7, 9, 55, 58, 90, 89, 65, 64, 39, 38, 388, 431, 242, 267, 104, 119, 62, 62
 臺東縣, 365, 345, 217, 198, 148, 147, -, -, 1, -, 2, 3, 2, -, 40, 38, 48, 46, 15, 16, 19, 16, 160, 141, 79, 85, 54, 31, 22, 24
 花蓮縣, 566, 567, 299, 298, 267, 269, 2, 2, 3, 2, 16, 16, 7, 6, 56, 57, 87, 85, 31, 32, 33, 36, 196, 193, 140, 142, 55, 55, 34, 35
 澎湖縣, 67, 77, 45, 53, 22, 24, -, -, 1, 2, -, -, 1, 2, 8, 8, 3, 3, 2, 1, 2, 2, 35, 44, 16, 17, 12, 13, 4, 5
 基隆市, 469, 478, 242, 248, 227, 230, 2, 1, 4, 4, 7, 6, 10, 11, 40, 40, 70, 72, 34, 33, 19, 18, 161, 169, 128, 129, 45, 49, 38, 41
 新竹市, 433, 453, 218, 230, 215, 223, 2, 3, 1, 2, 6, 7, 4, 5, 40, 38, 65, 65, 37, 40, 18, 17, 135, 145, 128, 136, 39, 40, 29, 29
 嘉義市, 236, 240, 128, 129, 108, 111, 3, 3, 4, 2, 4, 4, 4, 2, 15, 13, 21, 21, 8, 9, 11, 13, 101, 103, 72, 75, 33, 35, 14, 14
 福建省, 92, 99, 51, 55, 41, 44, -, -, -, -, -, -, -, -, 6, 6, 10, 10, 2, 2, 5, 4, 43, 47, 26, 30, 12, 12, 6, 6
 金門縣, 85, 88, 45, 46, 40, 42, -, -, -, -, -, -, -, -, 4, 4, 9, 9, 2, 2, 5, 4, 39, 40, 26, 29, 12, 12, 6, 6
 連江縣, 7, 11, 6, 9, 1, 2, -, -, -, -, -, -, -, -, 2, 2, 1, 1, -, -, -, -, 4, 7, -, 1, -, -, -, -
111年1月," 1,875 "," 2,243 "," 1,015 "," 1,241 ", 860 ," 1,002 ", 13 , 17 , 13 , 13 , 32 , 39 , 25 , 28 , 142 , 165 , 188 , 210 , 81 , 119 , 107 , 130 , 760 , 918 , 540 , 634 , 251 , 312 , 173 , 186 
111年2月," 1,806 "," 1,706 ", 960 , 924 , 846 , 782 , 5 , 4 , 9 , 11 , 20 , 21 , 12 , 14 , 135 , 132 , 222 , 208 , 89 , 85 , 100 , 99 , 716 , 686 , 512 , 461 , 210 , 211 , 159 , 143 
111年3月," 1,978 "," 2,039 "," 1,055 "," 1,067 ", 923 , 972 , 13 , 17 , 8 , 20 , 29 , 35 , 20 , 33 , 159 , 160 , 215 , 214 , 114 , 109 , 119 , 109 , 753 , 763 , 569 , 616 , 234 , 231 , 175 , 179 
111年4月," 1,865 "," 1,865 ", 998 , 999 , 867 , 866 , 12 , 10 , 11 , 5 , 28 , 25 , 22 , 15 , 169 , 160 , 208 , 195 , 98 , 98 , 104 , 107 , 703 , 716 , 533 , 549 , 234 , 217 , 156 , 149 
111年5月," 1,789 "," 1,817 ", 977 ," 1,005 ", 812 , 812 , 10 , 9 , 13 , 17 , 26 , 24 , 30 , 31 , 153 , 154 , 191 , 195 , 105 , 93 , 90 , 68 , 693 , 734 , 501 , 518 , 235 , 260 , 170 , 176 
111年6月," 1,996 "," 1,939 "," 1,099 "," 1,050 ", 897 , 889 , 4 , 5 , 14 , 13 , 17 , 16 , 23 , 21 , 164 , 153 , 218 , 222 , 117 , 105 , 103 , 110 , 801 , 776 , 553 , 536 , 249 , 263 , 184 , 186 
111年7月," 2,289 "," 2,147 "," 1,218 "," 1,118 "," 1,071 "," 1,029 ", 9 , 4 , 8 , 7 , 28 , 22 , 25 , 21 , 174 , 178 , 255 , 249 , 130 , 113 , 128 , 115 , 886 , 805 , 663 , 644 , 305 , 266 , 216 , 202 
111年8月," 2,501 "," 2,526 "," 1,441 "," 1,434 "," 1,060 "," 1,092 ", 9 , 8 , 12 , 14 , 39 , 41 , 28 , 29 , 171 , 189 , 224 , 234 , 185 , 155 , 138 , 122 ," 1,046 "," 1,049 ", 670 , 707 , 219 , 272 , 173 , 177 
111年9月," 2,099 "," 2,214 "," 1,107 "," 1,184 ", 992 ," 1,030 ", 13 , 19 , 9 , 8 , 42 , 48 , 27 , 27 , 152 , 133 , 235 , 236 , 115 , 129 , 111 , 113 , 798 , 874 , 619 , 654 , 225 , 242 , 163 , 176 
111年10月," 2,177 "," 2,085 "," 1,185 "," 1,125 ", 992 , 960 , 16 , 10 , 14 , 12 , 48 , 38 , 35 , 29 , 179 , 163 , 232 , 193 , 124 , 123 , 109 , 107 , 834 , 801 , 616 , 631 , 247 , 257 , 179 , 178 
111年11月," 2,154 "," 2,737 "," 1,184 "," 1,533 ", 970 ," 1,204 ", 18 , 20 , 12 , 15 , 41 , 49 , 28 , 33 , 165 , 200 , 209 , 234 , 106 , 159 , 114 , 149 , 872 ," 1,125 ", 619 , 788 , 253 , 281 , 187 , 211 
111年12月," 2,045 "," 2,067 "," 1,150 "," 1,150 ", 895 , 917 , 16 , 19 , 10 , 13 , 32 , 36 , 18 , 21 , 182 , 169 , 226 , 216 , 93 , 98 , 98 , 102 , 843 , 847 , 553 , 578 , 259 , 245 , 175 , 169 
,,,,,,,,,,,,,,,,,,,,,,,,,,,,,,
說　　明：1.91年4月17日依據戶籍法修正「查尋人口查尋注意事項」，刪除「未按址遷出或未按址遷入」部分，本表各年度均未將該項目列入統計；94年11月30日「查尋人口查尋,,,,,,,,,,,,,,,,,,,6.兒童係指未滿12歲之人（含幼童）。,,,,,,,,,,,
　                 注意事項」修正為「失蹤人口查尋作業要點」。96年起將「空難、海難」改列為「天然災害」，並刪除「被拐（抱）走」項目。,,,,,,,,,,,,,,,,,,,7.少年係指12歲以上18歲未滿之人。,,,,,,,,,,,
                  2.本表年齡計算係以失蹤當時年齡計算；含臨時檔。,,,,,,,,,,,,,,,,,,,8.青年係指18歲以上24歲未滿之人。,,,,,,,,,,,
　　　　　3.發生係指當年(月)發生數。,,,,,,,,,,,,,,,,,,,9.成年係指24歲以上之人（含老人）。,,,,,,,,,,,
　　　　　4.查獲數=查獲當(年)月數+查獲以前年(月)數。,,,,,,,,,,,,,,,,,,,10.老人係指65歲以上之人。,,,,,,,,,,,
　　　　　5.幼童係指未滿7歲之人。,,,,,,,,,,,,,,,,,,,,,,,,,,,,,,
,,,,,,,,,,,,,,,,,,,,,,,,,,,,,,
,,,,,,,,,,,,,,,,,,,,,,,,,,,,,,
,,,,,,,,,,,,,,,,,,,,,,,,,,,,,,
," 25,077"," 26,229"," 13,079"," 13,669"," 11,998"," 12,560", 170, 197, 157, 172, 372, 406, 287, 317," 2,281"," 2,335"," 3,391"," 3,531"," 1,355"," 1,365"," 1,500"," 1,580"," 9,071"," 9,563"," 6,820"," 7,132"," 2,805"," 3,014"," 1,786"," 1,806"
, -, -, -, -, -, -, -, -, -, -, -, -, -, -, -, -, -, -, -, -, -, -, -, -, -, -, -, -, -, -